id,name,model_id:id,group_id:id,perm_read,perm_write,perm_create,perm_unlink
access_mp_material_grade_viewer,ls.mp.material.grade viewer,model_ls_mp_material_grade,group_mp_viewer,1,0,0,0
access_mp_material_grade_engineer,ls.mp.material.grade engineer,model_ls_mp_material_grade,group_mp_engineer,1,1,1,0
access_mp_material_grade_manager,ls.mp.material.grade manager,model_ls_mp_material_grade,group_mp_manager,1,1,1,1
access_mp_component_viewer,ls.mp.component viewer,model_ls_mp_component,group_mp_viewer,1,0,0,0
access_mp_component_engineer,ls.mp.component engineer,model_ls_mp_component,group_mp_engineer,1,1,1,0
access_mp_component_manager,ls.mp.component manager,model_ls_mp_component,group_mp_manager,1,1,1,1
access_mp_tool_viewer,ls.mp.tool viewer,model_ls_mp_tool,group_mp_viewer,1,0,0,0
access_mp_tool_technician,ls.mp.tool technician,model_ls_mp_tool,group_mp_technician,1,1,0,0
access_mp_tool_engineer,ls.mp.tool engineer,model_ls_mp_tool,group_mp_engineer,1,1,1,0
access_mp_tool_manager,ls.mp.tool manager,model_ls_mp_tool,group_mp_manager,1,1,1,1
access_mp_tool_cavity_viewer,ls.mp.tool.cavity viewer,model_ls_mp_tool_cavity,group_mp_viewer,1,0,0,0
access_mp_tool_cavity_technician,ls.mp.tool.cavity technician,model_ls_mp_tool_cavity,group_mp_technician,1,1,1,0
access_mp_tool_cavity_manager,ls.mp.tool.cavity manager,model_ls_mp_tool_cavity,group_mp_manager,1,1,1,1
access_mp_tool_maintenance_viewer,ls.mp.tool.maintenance viewer,model_ls_mp_tool_maintenance,group_mp_viewer,1,0,0,0
access_mp_tool_maintenance_technician,ls.mp.tool.maintenance technician,model_ls_mp_tool_maintenance,group_mp_technician,1,1,1,0
access_mp_tool_maintenance_manager,ls.mp.tool.maintenance manager,model_ls_mp_tool_maintenance,group_mp_manager,1,1,1,1
access_mp_molding_parameter_viewer,ls.mp.molding_parameter viewer,model_ls_mp_molding_parameter,group_mp_viewer,1,0,0,0
access_mp_molding_parameter_engineer,ls.mp.molding_parameter engineer,model_ls_mp_molding_parameter,group_mp_engineer,1,1,1,0
access_mp_molding_parameter_manager,ls.mp.molding_parameter manager,model_ls_mp_molding_parameter,group_mp_manager,1,1,1,1
access_mp_molding_parameter_line_viewer,ls.mp.molding_parameter.line viewer,model_ls_mp_molding_parameter_line,group_mp_viewer,1,0,0,0
access_mp_molding_parameter_line_engineer,ls.mp.molding_parameter.line engineer,model_ls_mp_molding_parameter_line,group_mp_engineer,1,1,1,1
access_mp_molding_parameter_line_manager,ls.mp.molding_parameter.line manager,model_ls_mp_molding_parameter_line,group_mp_manager,1,1,1,1
access_mp_scrap_reason_viewer,ls.mp.scrap.reason viewer,model_ls_mp_scrap_reason,group_mp_viewer,1,0,0,0
access_mp_scrap_reason_engineer,ls.mp.scrap.reason engineer,model_ls_mp_scrap_reason,group_mp_engineer,1,1,1,0
access_mp_scrap_reason_manager,ls.mp.scrap.reason manager,model_ls_mp_scrap_reason,group_mp_manager,1,1,1,1
access_mp_injection_molding_viewer,ls.mp.injection_molding viewer,model_ls_mp_injection_molding,group_mp_viewer,1,0,0,0
access_mp_injection_molding_operator,ls.mp.injection_molding operator,model_ls_mp_injection_molding,group_mp_operator,1,1,1,0
access_mp_injection_molding_manager,ls.mp.injection_molding manager,model_ls_mp_injection_molding,group_mp_manager,1,1,1,1
access_mp_injection_molding_reading_viewer,ls.mp.injection_molding.reading viewer,model_ls_mp_injection_molding_reading,group_mp_viewer,1,0,0,0
access_mp_injection_molding_reading_operator,ls.mp.injection_molding.reading operator,model_ls_mp_injection_molding_reading,group_mp_operator,1,0,1,0
access_mp_injection_molding_reading_manager,ls.mp.injection_molding.reading manager,model_ls_mp_injection_molding_reading,group_mp_manager,1,0,1,0
access_mp_injection_molding_material_viewer,ls.mp.injection_molding.material viewer,model_ls_mp_injection_molding_material,group_mp_viewer,1,0,0,0
access_mp_injection_molding_material_operator,ls.mp.injection_molding.material operator,model_ls_mp_injection_molding_material,group_mp_operator,1,1,1,1
access_mp_injection_molding_material_manager,ls.mp.injection_molding.material manager,model_ls_mp_injection_molding_material,group_mp_manager,1,1,1,1
access_mp_injection_molding_scrap_viewer,ls.mp.injection_molding.scrap viewer,model_ls_mp_injection_molding_scrap,group_mp_viewer,1,0,0,0
access_mp_injection_molding_scrap_operator,ls.mp.injection_molding.scrap operator,model_ls_mp_injection_molding_scrap,group_mp_operator,1,1,1,1
access_mp_injection_molding_scrap_manager,ls.mp.injection_molding.scrap manager,model_ls_mp_injection_molding_scrap,group_mp_manager,1,1,1,1
access_mp_reading_wizard_operator,ls.mp.reading.wizard operator,model_ls_mp_reading_wizard,group_mp_operator,1,1,1,1
access_mp_reading_wizard_line_operator,ls.mp.reading.wizard.line operator,model_ls_mp_reading_wizard_line,group_mp_operator,1,1,1,1
access_mp_tool_service_wizard_technician,ls.mp.tool.service.wizard technician,model_ls_mp_tool_service_wizard,group_mp_technician,1,1,1,1
access_mp_traceability_wizard_viewer,ls.mp.traceability.wizard viewer,model_ls_mp_traceability_wizard,group_mp_viewer,1,1,1,1
